ticker,model,oos_r2,ic,ic_p,hit_rate,up_day_rate,hit_p,n,ann_return,ann_vol,sharpe,sharpe_lo,sharpe_hi,max_drawdown,n_days,avg_daily_turnover,ic_p_adj,hit_p_adj
SPY,hist_mean,0.0,-0.029337990026416398,0.0875138981727925,0.5521418020679468,0.5521418020679468,1.0,3385.0,0.09372085888001536,0.10625778488192247,0.8965387126134486,0.36196149830261515,1.4311159269242821,-0.15049575240080804,3393,0.029396896708904968,,
SPY,ridge,0.0014669382143206455,0.029468132075338604,0.0861175586010205,0.5214180206794683,0.5521418020679468,0.9588419260633231,3385.0,0.0009708694202359425,0.10647617021394805,0.06244744768515561,-0.4717060691246976,0.5966009644950089,-0.28109374365882644,3393,0.4181187779775468,0.5163646129088368,0.9588419260633231
SPY,gbm,-0.018738980584955378,-0.016865705148951658,0.32603771072073207,0.5178729689807976,0.5521418020679468,0.4387021146731872,3385.0,0.009982571371346172,0.10644250809608725,0.14665663296899714,-0.38750621467307295,0.6808194806110671,-0.3048984033267602,3393,0.38191319049843164,0.6113207076013726,0.7407118578415592
SPY,mlp,-0.010510428444869824,0.012811524362577396,0.4556552969008061,0.5137370753323486,0.5521418020679468,0.9042114723619038,3385.0,0.01707919145227721,0.10642928162304544,0.21235057570039842,-0.3218247692944541,0.746525920695251,-0.2534072705820748,3393,0.4909371064212543,0.8040975827661283,0.9353911783054177
SPY,buy_and_hold,,,,,,,,0.1449937287692029,0.16848787788182298,0.8882702683765451,0.35370086812256507,1.4228396686305251,-0.3371725386608825,3393,,,
QQQ,hist_mean,0.0,-0.02076287719273628,0.22662014486338133,0.5643827525103366,0.5643827525103366,1.0,3386.0,0.11209996850202297,0.10588032213332535,1.0567595155195066,0.5220166181848104,1.591502412854203,-0.15002546562719044,3393,0.022721863560991727,,
QQQ,ridge,0.0015840743224337928,0.027833043541501495,0.1050226820339516,0.5200826934435913,0.5643827525103366,0.459314268069581,3386.0,0.01992708787710784,0.10621651303780029,0.2389237519624192,-0.29525794730683813,0.7731054512316765,-0.19825758797868187,3393,0.30034405639303235,0.5163646129088368,0.7407118578415592
QQQ,gbm,-0.013468872405644206,-0.005239516035142954,0.7602986460297154,0.534849379799173,0.5643827525103366,0.6055387624115444,3386.0,0.07603264475916283,0.10598692472016001,0.7445421457646735,0.21009702307372763,1.2789872684556196,-0.14224196682228507,3393,0.30837704043365494,0.9375728274126829,0.7569234530144304
QQQ,mlp,-0.002361944037027053,0.008505176853495153,0.620424790731083,0.5168340224453633,0.5643827525103366,0.8231690023894138,3386.0,0.009333140744621327,0.10611063322983894,0.14063801223603759,-0.3935239191444155,0.6747999436164906,-0.2523927643762627,3393,0.3881155218575519,0.9306371860966245,0.925139963464607
QQQ,buy_and_hold,,,,,,,,0.20466334270669018,0.20965092709431238,0.9934612014095374,0.45878700204821515,1.5281354007708599,-0.3511871716056687,3393,,,
IWM,hist_mean,0.0,-0.031160232281762117,0.06954870285499092,0.5361677000295246,0.5361677000295246,1.0,3387.0,0.03379506287677847,0.10448286866290883,0.3704206677242058,-0.1638034876778541,0.9046448231262657,-0.18273530572622287,3393,0.0194324261549967,,
IWM,ridge,-0.0066548317865402495,0.0170847230330912,0.31979372305063314,0.502804842043106,0.5361677000295246,0.1744543905758131,3387.0,-0.03436670644555462,0.10454804944384784,-0.2821669698489515,-0.8163606091580853,0.25202666946018215,-0.5253876334958625,3393,0.32240536972328726,0.6113207076013726,0.6365857825743456
IWM,gbm,-0.01694463680046865,0.011046685240410564,0.5200644776341001,0.503985828166519,0.5361677000295246,0.2639242356693968,3387.0,-0.016007970575892316,0.10449015251444088,-0.10219035431442289,-0.6363473384127503,0.4319666297839045,-0.4851189122344246,3393,0.3213769994342903,0.866774129390167,0.659810589173492
IWM,mlp,-0.030425319878587764,0.0008385011366851195,0.9610593540020445,0.515205196338943,0.5361677000295246,0.31894654767373287,3387.0,-0.013860136609204377,0.10449631648277839,-0.0812905378636539,-0.6154454899160424,0.45286441418873463,-0.35529516360560476,3393,0.3614426559484427,0.994199331726253,0.7360304946316911
IWM,buy_and_hold,,,,,,,,0.10034524693401226,0.21538925551552202,0.5522271061260412,0.01791408099692846,1.086540131255154,-0.41133300209317814,3393,,,
XLF,hist_mean,0.0,-0.030696656082793997,0.07380405394443265,0.5355223880597015,0.5355223880597015,1.0,3350.0,0.06400404737981868,0.10549525042712105,0.6409355761750685,0.1065664831194156,1.1753046692307214,-0.16813622508275905,3393,0.022087076030854486,,
XLF,ridge,-0.003463894651708932,0.005227478048026322,0.7608325575268933,0.49850746268656715,0.5355223880597015,0.23312957143388596,3350.0,-0.05625926031889861,0.10557247363450176,-0.49553175844293496,-1.0298133137645038,0.03874979687863396,-0.5947715759412064,3393,0.44243260156415243,0.9375728274126829,0.659810589173492
XLF,gbm,-0.014343581922380277,0.0047894445640690175,0.78033585877406,0.5217910447761194,0.5355223880597015,0.5920286478554722,3350.0,-0.001417185843673896,0.10561093218406227,0.03945664322230756,-0.49469563208249384,0.5736089185271089,-0.29081224115180593,3393,0.35307796963361965,0.9375728274126829,0.7569234530144304
XLF,mlp,-0.011426015633806186,-6.24840759700056e-05,0.9970970448092742,0.4994029850746269,0.5355223880597015,0.36894544055499173,3350.0,-0.03109799089536036,0.10558809054802348,-0.24638769453251075,-0.7805713132098981,0.2877959241448766,-0.5766554375002984,3393,0.4009456992417148,0.9970970448092742,0.7407118578415592
XLF,buy_and_hold,,,,,,,,0.12053109992260613,0.20695982419798567,0.6537598925461124,0.11938200470523966,1.1881377803869853,-0.4286254415913281,3393,,,
XLE,hist_mean,0.0,-0.009140525978211168,0.59455585672045,0.5244155075466114,0.5241195620005918,0.6544390858733165,3379.0,0.010912058572884575,0.10552030545599794,0.15572238325034188,-0.3784419170030495,0.6898866835037332,-0.43484727075653495,3393,0.017216090125592373,,
XLE,ridge,-0.010438473883904509,-0.020497249448076807,0.23261911679521877,0.4957087895827168,0.5241195620005918,0.26346106314435375,3379.0,-0.04368080867217994,0.10548396413670927,-0.3705949310104358,-0.9048191548316957,0.16362929281082425,-0.5594784617709545,3393,0.22326855292548095,0.581547791988047,0.659810589173492
XLE,gbm,-0.0330101744919824,-0.02069606342449085,0.22811858925216372,0.5013317549570879,0.5241195620005918,0.7963825771745674,3379.0,-0.05794554200762214,0.1054765505902274,-0.513075500058219,-1.0473664296746943,0.02121542955825638,-0.6551234304438409,3393,0.30175732560697127,0.581547791988047,0.925139963464607
XLE,mlp,-0.04556844702735918,-0.02369312717757242,0.1676491261836473,0.48535069547203313,0.5241195620005918,0.058450188173346684,3379.0,-0.04657476977533792,0.10553198102403934,-0.39918548095864387,-0.9334213656065808,0.1350504036892932,-0.6062841157779324,3393,0.28675365114321744,0.5163646129088368,0.5845018817334668
XLE,buy_and_hold,,,,,,,,0.07464360323459296,0.2773597189917725,0.39925543738320596,-0.13498047685886364,0.9334913516252756,-0.7126277139879449,3393,,,
XLK,hist_mean,0.0,0.00802384294791302,0.6403425923337713,0.5652818991097923,0.5652818991097923,1.0,3370.0,0.11498320984951649,0.10591169686382969,1.0809304032257676,0.5461601563860423,1.6157006500654931,-0.12951420382923284,3393,0.02150967466004702,,
XLK,ridge,0.0030011068234722105,0.04487678611849235,0.008938363332653102,0.529080118694362,0.5652818991097923,0.13375575205339926,3370.0,0.03499230118546137,0.10613554424634783,0.3771750536749937,-0.15705177717413465,0.9114018845241221,-0.2526433308487429,3393,0.30138645276890336,0.26815089997959307,0.6365857825743456
XLK,gbm,-0.006530717682513565,0.009081166692003666,0.5969517732658517,0.5338278931750742,0.5652818991097923,0.5691055076348672,3370.0,0.049579995297319934,0.10607000591670765,0.5092836867973164,-0.025005189096617458,1.0435725626912504,-0.2446233416888305,3393,0.3208756033078038,0.9306371860966245,0.7569234530144304
XLK,mlp,0.0034515026520333114,0.02380405676689865,0.1656678190691919,0.5240356083086053,0.5652818991097923,0.1526716352054236,3370.0,0.02253015890684451,0.10615683723170828,0.26302590586767416,-0.27116220391330154,0.7972140156486498,-0.2826146109043941,3393,0.38483740545799855,0.5163646129088368,0.6365857825743456
XLK,buy_and_hold,,,,,,,,0.22762354421984976,0.22821890975498071,1.0131460255974816,0.47845091573295756,1.5478411354620054,-0.3355906566175264,3393,,,
XLV,hist_mean,0.0,0.004593844794407218,0.789090520676035,0.5342628300207654,0.5342628300207654,1.0,3371.0,0.07936415618896286,0.10493387702288398,0.7804339260011586,0.24595981576591952,1.3149080362363976,-0.13945960971979543,3393,0.026225780971610962,,
XLV,ridge,-0.0011991590357569581,0.02344629473379292,0.17212153763627897,0.525660041530703,0.5342628300207654,0.46911750996632084,3371.0,0.02149154449576529,0.10511270525702969,0.25491623345425096,-0.27926965066305287,0.7891021175715548,-0.2332170883180983,3393,0.3567688630371341,0.5163646129088368,0.7407118578415592
XLV,gbm,-0.011999085831397416,0.005279718804011287,0.7585163921253805,0.5259566894096708,0.5342628300207654,0.5236300850768456,3371.0,0.02183026090834006,0.10508514200301984,0.25811262204636987,-0.27607413098513633,0.792299375077876,-0.3473275952102478,3393,0.3147331191720631,0.9375728274126829,0.7569234530144304
XLV,mlp,-0.02434988186000675,0.018882624139257426,0.2715084141026695,0.5215069712251558,0.5342628300207654,0.19044189610500833,3371.0,0.001999093390668616,0.10511872748641932,0.07160233827434674,-0.46255182884668383,0.6057565053953773,-0.336653015738396,3393,0.42861856250895225,0.6113207076013726,0.6365857825743456
XLV,buy_and_hold,,,,,,,,0.11739848193943203,0.16424973384901706,0.758192691420146,0.22373670464492243,1.2926486781953697,-0.2840434217064003,3393,,,
XLI,hist_mean,0.0,-0.03907626078651496,0.02283393104349689,0.5457777777777778,0.5457777777777778,1.0,3375.0,0.06367674422212466,0.10507635247717194,0.6401883883475278,0.105819802338749,1.1745569743563065,-0.15528710358427367,3393,0.024089680500021086,,
XLI,ridge,-0.005497936920302315,0.00371999776394869,0.8285132420447613,0.514962962962963,0.5457777777777778,0.43815182155242594,3375.0,-0.013013962504985321,0.10520309821596945,-0.07183650400285248,-0.6059906889227259,0.4623176809170209,-0.3775942504813714,3393,0.26081798672435075,0.9559768177439553,0.7407118578415592
XLI,gbm,-0.0149567517615945,0.00476763426442369,0.7813106895105691,0.5117037037037037,0.5457777777777778,0.5698003400582312,3375.0,-0.017245038348283503,0.10516996911177744,-0.11277954827586768,-0.6469377386301024,0.42137864207836706,-0.3091547214628224,3393,0.39855138856532646,0.9375728274126829,0.7569234530144304
XLI,mlp,-0.036719330939267714,-0.028346908560087144,0.09875582269833878,0.49777777777777776,0.5457777777777778,0.17381611148975756,3375.0,-0.046164889879181215,0.10519758232986601,-0.39662217690941715,-0.9308569807608972,0.1376126269420629,-0.5470110225374802,3393,0.3922987346891143,0.5163646129088368,0.6365857825743456
XLI,buy_and_hold,,,,,,,,0.13095389353923204,0.1882698755733528,0.7481428021157248,0.21369483290736793,1.2825907713240818,-0.42334086387216785,3393,,,
TLT,hist_mean,0.0,0.004132555725035002,0.8098407463191516,0.5165778567199526,0.5165778567199526,1.0,3378.0,0.006312885954318226,0.10394220742466621,0.11252664115526241,-0.4216315190041421,0.6466848013146669,-0.3626276477325926,3393,0.02592574065789303,,
TLT,ridge,0.0002510184821969963,0.03536289490939264,0.03942198188888677,0.5227945529899348,0.5165778567199526,0.03579437261944786,3378.0,-0.0001373456269123663,0.10395598110709657,0.05067979338049021,-0.48347301799017134,0.5848326047511517,-0.31470576109429815,3393,0.41939371568341316,0.5163646129088368,0.5845018817334668
TLT,gbm,-0.015805891121641658,0.017311091026022133,0.31342289996108996,0.5168738898756661,0.5165778567199526,0.19097573477230367,3378.0,-0.011439268692412297,0.10395879486013825,-0.058694757894835976,-0.5928480338026704,0.47545851801299843,-0.2821145111902329,3393,0.43640110511158964,0.6113207076013726,0.6365857825743456
TLT,mlp,-0.026895449070909683,0.024072963344535164,0.16093804247907667,0.5050325636471285,0.5165778567199526,0.836435646602733,3378.0,-0.026666381860989907,0.10405337760123143,-0.2076897525958415,-0.74186406020923,0.32648455501754703,-0.44751097848963006,3393,0.48580531471601984,0.5163646129088368,0.925139963464607
TLT,buy_and_hold,,,,,,,,-0.0052404508853889364,0.14431970325038349,0.035732931796830514,-0.49841919514110694,0.569885058734768,-0.4835114578982582,3393,,,
GLD,hist_mean,0.0,0.02953730831519836,0.08538269793574707,0.5251330573625074,0.5272028385570668,0.8229456713571248,3382.0,0.04037538654153949,0.10714485454254172,0.42308100454903097,-0.11116529032458647,0.9573272994226485,-0.37143420468783805,3393,0.027967409858519972,,
GLD,ridge,-0.0007624491935909194,0.0026527039553226636,0.8772455351809803,0.5103489059727971,0.5272028385570668,0.8634639659003,3382.0,-0.021350195305127162,0.10723112440927424,-0.14760056845234373,-0.6817635632795539,0.3865624263748665,-0.47148504762100885,3393,0.4144160700122256,0.9747172613122004,0.925139963464607
GLD,gbm,-0.020493062019320663,-0.0012078053339222771,0.9439325052256828,0.4952690715552927,0.5272028385570668,0.38053757785403075,3382.0,-0.03357246442883999,0.10719625373238016,-0.26495536012762616,-0.799144009701114,0.26923328944586167,-0.6348939592021803,3393,0.45318883144316885,0.994199331726253,0.7407118578415592
GLD,mlp,-0.02381101362404303,0.02576758573747936,0.1334476272978077,0.5195150798344175,0.5272028385570668,0.042445480075955,3382.0,0.011005889250782941,0.10715498931804321,0.15572851612030764,-0.37843578514523796,0.6898928173858533,-0.32408084513788493,3393,0.4504413909374198,0.5163646129088368,0.5845018817334668
GLD,buy_and_hold,,,,,,,,0.07035235954054286,0.16709572275415843,0.49081475326192303,-0.043464337184201944,1.025093843708048,-0.3445936976642133,3393,,,
